"2; 44 ; 5";https://www.avito.ru/kazan/kvartiry/2-k_kvartira_44_m_55_et._1938871960;2900000;3 
"1; 36 ; 6";https://www.avito.ru/kazan/kvartiry/1-k_kvartira_36_m_622_et._1888413323;3300000;2
"2; 45 ; 3";https://www.avito.ru/kazan/kvartiry/2-k_kvartira_45_m_35_et._1919476466;3700000;2
"3; 73.1 ; 16";https://www.avito.ru/kazan/kvartiry/3-k_kvartira_73.1_m_1619_et._1916135912;4529720;2
"3; 56 ; 1";https://www.avito.ru/kazan/kvartiry/3-k_kvartira_56_m_19_et._1919532757;3880000;1
"2; 50 ; 7";https://www.avito.ru/kazan/kvartiry/2-k_kvartira_50_m_79_et._1915353575;4699000;3
"2; 51.6 ; 3";https://www.avito.ru/kazan/kvartiry/2-k_kvartira_51.6_m_322_et._1919333675;5300000;3
"2; 62 ; 16";https://www.avito.ru/kazan/kvartiry/2-k_kvartira_62_m_1618_et._1834299531;5999999;2 
"3; 64 ; 9";https://www.avito.ru/kazan/kvartiry/3-k_kvartira_64_m_99_et._1906702362;4740000;3
"3; 52.7 ; 7";https://www.avito.ru/kazan/kvartiry/3-k_kvartira_52.7_m_77_et._1891757608;3781014;1 
"1; 38 ; 5";https://www.avito.ru/kazan/kvartiry/1-k_kvartira_38_m_59_et._1895439682;3580000;1
"2; 50.1 ; 2";https://www.avito.ru/kazan/kvartiry/2-k_kvartira_50.1_m_29_et._1863299174;4050000;3 
"3; 120 ; 4";https://www.avito.ru/kazan/kvartiry/3-k_kvartira_120_m_410_et._1898756124;15000000;3 
"3; 60.4 ; 8";https://www.avito.ru/kazan/kvartiry/3-k_kvartira_60.4_m_88_et._1891256998;4052840;1 
"1; 22.1 ; 6";https://www.avito.ru/kazan/kvartiry/1-k_kvartira_22.1_m_67_et._1890944257;1999011;1 
"1; 33.3 ; 6";https://www.avito.ru/kazan/kvartiry/1-k_kvartira_33.3_m_67_et._1891098266;2819678;1 
"1; 23.8 ; 2";https://www.avito.ru/kazan/kvartiry/1-k_kvartira_23.8_m_27_et._1891569749;2138430;1 
"3; 84 ; 3";https://www.avito.ru/kazan/kvartiry/3-k_kvartira_84_m_310_et._1936331932;9200000;3 
"1; 31.2 ; 15";https://www.avito.ru/kazan/kvartiry/1-k_kvartira_31.2_m_1519_et._1923414975;2185017;2
"1; 16 ; 3";https://www.avito.ru/kazan/kvartiry/1-k_kvartira_16_m_39_et._1887022060;1530000;1 
"1; 42 ; 5";https://www.avito.ru/kazan/kvartiry/1-k_kvartira_42_m_518_et._1896616600;3600000;2
"3; 68.5 ; 8";https://www.avito.ru/kazan/kvartiry/3-k_kvartira_68.5_m_810_et._1946340864;5599000;3
"2; 59 ; 4";https://www.avito.ru/kazan/kvartiry/2-k_kvartira_59_m_418_et._1758463486;4950000;3 
"1; 34.2 ; 3";https://www.avito.ru/kazan/kvartiry/1-k_kvartira_34.2_m_35_et._1902888852;3300000;2 
"1; 45.1 ; 5";https://www.avito.ru/kazan/kvartiry/1-k_kvartira_45.1_m_518_et._1854818894;3740000;2 
"3; 81 ; 8";https://www.avito.ru/kazan/kvartiry/3-k_kvartira_81_m_817_et._1919786973;7540000;2 
"1; 37.4 ; 1";https://www.avito.ru/kazan/kvartiry/1-k_kvartira_37.4_m_19_et._1916599503;3300000;2 
"2; 53 ; 9";https://www.avito.ru/kazan/kvartiry/2-k_kvartira_53_m_910_et._1461044075;4375109;3 
"2; 87.2 ; 3";https://www.avito.ru/kazan/kvartiry/2-k_kvartira_87.2_m_37_et._1872894312;7150000;3 
"3; 73 ; 5";https://www.avito.ru/kazan/kvartiry/3-k_kvartira_73_m_519_et._1882584107;3590000;2
"1; 36 ; 8";https://www.avito.ru/kazan/kvartiry/1-k_kvartira_36_m_810_et._1557897267;3402372;3 
"1; 39.5 ; 8";https://www.avito.ru/kazan/kvartiry/1-k_kvartira_39.5_m_821_et._1945977232;4800000;3 
"2; 45 ; 5";https://www.avito.ru/kazan/kvartiry/2-k_kvartira_45_m_519_et._1914422436;2578000;2
"3; 76 ; 6";https://www.avito.ru/kazan/kvartiry/3-k_kvartira_76_m_619_et._1946468635;4630000;2
"2; 55 ; 5";https://www.avito.ru/kazan/kvartiry/2-k_kvartira_55_m_519_et._1914388120;2995000;2
"2; 60 ; 5";https://www.avito.ru/kazan/kvartiry/2-k_kvartira_60_m_519_et._1914316904;3050000;2
"2; 70 ; 6";https://www.avito.ru/kazan/kvartiry/2-k_kvartira_70_m_66_et._1666245415;7000000;3
"3; 137 ; 7";https://www.avito.ru/kazan/kvartiry/3-k_kvartira_137_m_79_et._1938535947;13000000;2
"1; 42 ; 1";https://www.avito.ru/kazan/kvartiry/1-k_kvartira_42_m_15_et._1852350858;2850000;1 
"1; 26 ; 8";https://www.avito.ru/kazan/kvartiry/1-k_kvartira_26_m_88_et._1228851077;2349000;1 
"2; 47.8 ; 4";https://www.avito.ru/kazan/kvartiry/2-k_kvartira_47.8_m_45_et._1943630864;3610000;3 
"1; 34 ; 1";https://www.avito.ru/kazan/kvartiry/1-k_kvartira_34_m_13_et._1865030361;2300000;2
"3; 95 ; 6";https://www.avito.ru/kazan/kvartiry/3-k_kvartira_95_m_67_et._1896829499;15000000;3 
"3; 85 ; 5";https://www.avito.ru/kazan/kvartiry/3-k_kvartira_85_m_515_et._1918444351;6100000;3
"2; 55 ; 7";https://www.avito.ru/kazan/kvartiry/2-k_kvartira_55_m_79_et._1823634493;3770000;2
"1; 43.5 ; 9";https://www.avito.ru/kazan/kvartiry/1-k_kvartira_43.5_m_99_et._1893865922;4300000;3
"1; 56 ; 5";https://www.avito.ru/kazan/kvartiry/1-k_kvartira_56_m_58_et._1888455794;5200000;3 
"1; 34 ; 1";https://www.avito.ru/kazan/kvartiry/1-k_kvartira_34_m_19_et._1918259486;1999999;1
"1; 42 ; 18";https://www.avito.ru/kazan/kvartiry/1-k_kvartira_42_m_1819_et._1798823378;3590000;2 
"2; 50 ; 4";https://www.avito.ru/kazan/kvartiry/2-k_kvartira_50_m_44_et._1930781154;3570000;1
"1; 35.2 ; 2";https://www.avito.ru/kazan/kvartiry/1-k_kvartira_35.2_m_23_et._1848803791;2250000;2
"1; 33 ; 4";https://www.avito.ru/kazan/kvartiry/1-k_kvartira_33_m_45_et._1944505030;1900000;1
"5; 101.2 ; 6";https://www.avito.ru/kazan/kvartiry/5-k_kvartira_101.2_m_610_et._1943202364;5200000;2 
"1; 49 ; 2";https://www.avito.ru/kazan/kvartiry/1-k_kvartira_49_m_210_et._1921424857;4450000;2 
"2; 42.9 ; 5";https://www.avito.ru/kazan/kvartiry/2-k_kvartira_42.9_m_55_et._1915250775;3350000;2 
"1; 31.3 ; 15";https://www.avito.ru/kazan/kvartiry/1-k_kvartira_31.3_m_1519_et._1848842004;2800000;2
"1; 46 ; 4";https://www.avito.ru/kazan/kvartiry/1-k_kvartira_46_m_44_et._1887343842;3300000;1
"2; 65.4 ; 14";https://www.avito.ru/kazan/kvartiry/2-k_kvartira_65.4_m_1419_et._1912189726;6500000;3 
"0.5; 32 ; 5";https://www.avito.ru/kazan/kvartiry/studiya_32_m_519_et._1887906867;3000000;2
"0.5; 19 ; 3";https://www.avito.ru/kazan/kvartiry/studiya_19_m_34_et._1870840108;900000;1
"1; 35 ; 9";https://www.avito.ru/kazan/kvartiry/1-k_kvartira_35_m_910_et._1887589643;2800000;2
"2; 55 ; 9";https://www.avito.ru/kazan/kvartiry/2-k_kvartira_55_m_910_et._1945796784;4270000;3
"1; 32 ; 1";https://www.avito.ru/kazan/kvartiry/1-k_kvartira_32_m_19_et._1895621331;2780000;3 
"1; 34 ; 1";https://www.avito.ru/kazan/kvartiry/1-k_kvartira_34_m_110_et._1853170000;2980000;2
"3; 65 ; 2";https://www.avito.ru/kazan/kvartiry/3-k_kvartira_65_m_210_et._1821032429;4590000;1 
"3; 92.5 ; 7";https://www.avito.ru/kazan/kvartiry/3-k_kvartira_92.5_m_715_et._1943334427;7300000;3
"3; 73.1 ; 16";https://www.avito.ru/kazan/kvartiry/3-k_kvartira_73.1_m_1619_et._1916135912;4529720;2
"1; 31 ; 14";https://www.avito.ru/kazan/kvartiry/1-k_kvartira_31_m_1419_et._1940022169;2446000;2
"1; 43 ; 11";https://www.avito.ru/kazan/kvartiry/1-k_kvartira_43_m_1118_et._1927334921;2700000;1
"2; 54 ; 5";https://www.avito.ru/kazan/kvartiry/2-k_kvartira_54_m_519_et._1927392240;4450000;2
"2; 87.7 ; 18";https://www.avito.ru/kazan/kvartiry/2-k_kvartira_87.7_m_1820_et._923739843;8686000;3
"1; 28 ; 6";https://www.avito.ru/kazan/kvartiry/1-k_kvartira_28_m_67_et._1927314376;2520000;1 
"1; 33 ; 8";https://www.avito.ru/kazan/kvartiry/1-k_kvartira_33_m_89_et._1906506997;2690000;2 
"2; 53 ; 16";https://www.avito.ru/kazan/kvartiry/2-k_kvartira_53_m_1617_et._1871872920;6990000;3 
"1; 31 ; 16";https://www.avito.ru/kazan/kvartiry/1-k_kvartira_31_m_1619_et._1940178114;2446000;2
"1; 30.4 ; 21";https://www.avito.ru/kazan/kvartiry/1-k_kvartira_30.4_m_2122_et._1920693278;3452509;2
"1; 35.5 ; 19";https://www.avito.ru/kazan/kvartiry/1-k_kvartira_35.5_m_1924_et._1895363985;3440000;2
"1; 31 ; 13";https://www.avito.ru/kazan/kvartiry/1-k_kvartira_31_m_1319_et._1940390267;2446000;2
"2; 73 ; 8";https://www.avito.ru/kazan/kvartiry/2-k_kvartira_73_m_810_et._1939091466;6935000;3
"3; 68 ; 9";https://www.avito.ru/kazan/kvartiry/3-k_kvartira_68_m_99_et._1939753785;4250000;3
"1; 39 ; 7";https://www.avito.ru/kazan/kvartiry/1-k_kvartira_39_m_710_et._1934484658;2360000;1
"1; 32 ; 5";https://www.avito.ru/kazan/kvartiry/1-k_kvartira_32_m_55_et._1919552142;2680000;2 
"1; 28 ; 4";https://www.avito.ru/kazan/kvartiry/1-k_kvartira_28_m_49_et._1878491279;2870000;2
"2; 52 ; 9";https://www.avito.ru/kazan/kvartiry/2-k_kvartira_52_m_910_et._1939501300;3900000;2
"1; 41.3 ; 4";https://www.avito.ru/kazan/kvartiry/1-k_kvartira_41.3_m_45_et._1909993442;4000000;2
"2; 62.3 ; 16";https://www.avito.ru/kazan/kvartiry/2-k_kvartira_62.3_m_1618_et._1918343216;6350000;3 
"2; 43 ; 5";https://www.avito.ru/kazan/kvartiry/2-k_kvartira_43_m_510_et._1946022884;3320000;2
"2; 43 ; 13";https://www.avito.ru/kazan/kvartiry/2-k_kvartira_43_m_1314_et._1947585948;3690000;3
"3; 120 ; 5";https://www.avito.ru/kazan/kvartiry/3-k_kvartira_120_m_57_et._1905495858;10500000;3
"2; 86 ; 1";https://www.avito.ru/kazan/kvartiry/2-k_kvartira_86_m_11_et._1883810663;999000;2
"4; 109 ; 6";https://www.avito.ru/kazan/kvartiry/4-k_kvartira_109_m_66_et._1917060600;6800000;2
"2; 54.3 ; 7";https://www.avito.ru/kazan/kvartiry/2-k_kvartira_54.3_m_719_et._1932393311;3122000;2
"2; 48 ; 1";https://www.avito.ru/kazan/kvartiry/2-k_kvartira_48_m_15_et._1919675857;2750000;2
"0.5; 17 ; 1";https://www.avito.ru/kazan/kvartiry/studiya_17_m_12_et._1938962229;800000;1
"2; 51 ; 9";https://www.avito.ru/kazan/kvartiry/2-k_kvartira_51_m_919_et._1946370010;2899999;2
"2; 45.8 ; 1";https://www.avito.ru/kazan/kvartiry/2-k_kvartira_45.8_m_15_et._1937693326;2900000;2
"2; 45.7 ; 4";https://www.avito.ru/kazan/kvartiry/2-k_kvartira_45.7_m_45_et._1895043644;3350000;3 
"1; 31 ; 2";https://www.avito.ru/kazan/kvartiry/1-k_kvartira_31_m_29_et._1918992360;2970000;2
"3; 90.3 ; 3";https://www.avito.ru/kazan/kvartiry/3-k_kvartira_90.3_m_310_et._1939807993;8567000;2
"2; 58.4 ; 1";https://www.avito.ru/kazan/kvartiry/2-k_kvartira_58.4_m_13_et._1939288623;3720000;2
"1; 31.6 ; 4";https://www.avito.ru/kazan/kvartiry/1-k_kvartira_31.6_m_45_et._1913252319;2900000;1 
"3; 100 ; 8";https://www.avito.ru/kazan/kvartiry/3-k_kvartira_100_m_818_et._1808751940;6299000;2
"2; 52 ; 25";https://www.avito.ru/kazan/kvartiry/2-k_kvartira_52_m_2526_et._1875871993;4490000;3
"2; 48 ; 7";https://www.avito.ru/kazan/kvartiry/2-k_kvartira_48_m_719_et._1914078835;2750000;2
"2; 53 ; 7";https://www.avito.ru/kazan/kvartiry/2-k_kvartira_53_m_710_et._1590953671;4999999;3 
"1; 51.4 ; 7";https://www.avito.ru/kazan/kvartiry/1-k_kvartira_51.4_m_715_et._1882202056;6436661;3 
"0.5; 22 ; 2";https://www.avito.ru/kazan/kvartiry/studiya_22_m_25_et._1903095519;1270000;3 
"1; 35.4 ; 3";https://www.avito.ru/kazan/kvartiry/1-k_kvartira_35.4_m_33_et._1923093715;2200000;2
"2; 44 ; 4";https://www.avito.ru/kazan/kvartiry/2-k_kvartira_44_m_419_et._1946859126;2649999;2
"0.5; 18 ; 3";https://www.avito.ru/kazan/kvartiry/studiya_18_m_35_et._1896176306;1595000;1 
"2; 55.7 ; 12";https://www.avito.ru/kazan/kvartiry/2-k_kvartira_55.7_m_1219_et._1882837476;3250000;2
"5; 101.2 ; 6";https://www.avito.ru/kazan/kvartiry/5-k_kvartira_101.2_m_610_et._1943202364;5200000;2 
"1; 36 ; 19";https://www.avito.ru/kazan/kvartiry/1-k_kvartira_36_m_1920_et._1939943351;2031820;2 
"1; 32 ; 1";https://www.avito.ru/kazan/kvartiry/1-k_kvartira_32_m_15_et._1855729622;2580000;1
"3; 76 ; 4";https://www.avito.ru/kazan/kvartiry/3-k_kvartira_76_m_49_et._1899798373;4490000;2 
"1; 31 ; 3";https://www.avito.ru/kazan/kvartiry/1-k_kvartira_31_m_33_et._1190026473;2025000;2
"2; 55 ; 2";https://www.avito.ru/kazan/kvartiry/2-k_kvartira_55_m_214_et._1867817847;3620000;2 
"3; 89 ; 3";https://www.avito.ru/kazan/kvartiry/3-k_kvartira_89_m_35_et._1914224330;6050000;2
"3; 67.1 ; 4";https://www.avito.ru/kazan/kvartiry/3-k_kvartira_67.1_m_410_et._1835132406;3560000;1
"3; 65.2 ; 1";https://www.avito.ru/kazan/kvartiry/3-k_kvartira_65.2_m_19_et._1899797034;4350000;1
"3; 158.3 ; 5";https://www.avito.ru/kazan/kvartiry/3-k_kvartira_158.3_m_56_et._983410983;11500000;3 
"1; 33.1 ; 9";https://www.avito.ru/kazan/kvartiry/1-k_kvartira_33.1_m_910_et._1902712399;1980000;1 
"3; 123.7 ; 21";https://www.avito.ru/kazan/kvartiry/3-k_kvartira_123.7_m_2122_et._1946859290;12909000;3 
"1; 30 ; 3";https://www.avito.ru/kazan/kvartiry/1-k_kvartira_30_m_39_et._1897316302;2400000;2 
"3; 69 ; 7";https://www.avito.ru/kazan/kvartiry/3-k_kvartira_69_m_79_et._1934329647;4499000;3
"2; 47 ; 9";https://www.avito.ru/kazan/kvartiry/2-k_kvartira_47_m_914_et._1916137280;4400000;2
"2; 75 ; 7";https://www.avito.ru/kazan/kvartiry/2-k_kvartira_75_m_710_et._1889929090;5549990;2
"2; 64 ; 11";https://www.avito.ru/kazan/kvartiry/2-k_kvartira_64_m_1119_et._1911627138;5100000;3 
"1; 19 ; 5";https://www.avito.ru/kazan/kvartiry/1-k_kvartira_19_m_55_et._1921427439;1760000;2
"1; 34.3 ; 5";https://www.avito.ru/kazan/kvartiry/1-k_kvartira_34.3_m_55_et._1866846847;2000000;2
"4; 230 ; 17";https://www.avito.ru/kazan/kvartiry/4-k_kvartira_230_m_1737_et._1932817465;12500000;2
"1; 18.7 ; 3";https://www.avito.ru/kazan/kvartiry/1-k_kvartira_18.7_m_35_et._1898764381;1710000;3
"1; 31.5 ; 4";https://www.avito.ru/kazan/kvartiry/1-k_kvartira_31.5_m_419_et._1923702309;3020160;2
"1; 39 ; 1";https://www.avito.ru/kazan/kvartiry/1-k_kvartira_39_m_19_et._1866204134;2999000;2
"1; 32 ; 6";https://www.avito.ru/kazan/kvartiry/1-k_kvartira_32_m_619_et._1890999481;2920000;2
"2; 54.3 ; 9";https://www.avito.ru/kazan/kvartiry/2-k_kvartira_54.3_m_919_et._1923672197;3019000;2
"2; 44.2 ; 12";https://www.avito.ru/kazan/kvartiry/2-k_kvartira_44.2_m_1219_et._1923458230;2707000;2
"2; 51 ; 17";https://www.avito.ru/kazan/kvartiry/2-k_kvartira_51_m_1719_et._1923062634;4248720;2
"2; 51.2 ; 15";https://www.avito.ru/kazan/kvartiry/2-k_kvartira_51.2_m_1519_et._1923418408;3011000;2
"1; 36 ; 4";https://www.avito.ru/kazan/kvartiry/1-k_kvartira_36_m_49_et._1928902161;3350000;3 
"2; 60.2 ; 4";https://www.avito.ru/kazan/kvartiry/2-k_kvartira_60.2_m_419_et._1923791340;3172000;2
"2; 54.6 ; 7";https://www.avito.ru/kazan/kvartiry/2-k_kvartira_54.6_m_719_et._1923143540;4640085;2
"3; 70.6 ; 18";https://www.avito.ru/kazan/kvartiry/3-k_kvartira_70.6_m_1819_et._1923269163;3640000;2
"1; 39.1 ; 17";https://www.avito.ru/kazan/kvartiry/1-k_kvartira_39.1_m_1719_et._1923740856;2681000;2
"1; 40.1 ; 19";https://www.avito.ru/kazan/kvartiry/1-k_kvartira_40.1_m_1919_et._1923349143;2447000;2
"3; 82.9 ; 10";https://www.avito.ru/kazan/kvartiry/3-k_kvartira_82.9_m_1010_et._1866118496;5500000;2
"1; 45.6 ; 5";https://www.avito.ru/kazan/kvartiry/1-k_kvartira_45.6_m_55_et._1922950398;3622000;2
"3; 78 ; 8";https://www.avito.ru/kazan/kvartiry/3-k_kvartira_78_m_818_et._1865961300;7300000;3
"2; 43 ; 4";https://www.avito.ru/kazan/kvartiry/2-k_kvartira_43_m_45_et._1915494972;3130000;2 
"1; 36.8 ; 8";https://www.avito.ru/kazan/kvartiry/1-k_kvartira_36.8_m_810_et._1831473244;3200000;2 
"3; 102 ; 11";https://www.avito.ru/kazan/kvartiry/3-k_kvartira_102_m_1118_et._1890822074;6770000;3 
"2; 44.5 ; 17";https://www.avito.ru/kazan/kvartiry/2-k_kvartira_44.5_m_1719_et._1903987866;2520000;2
"3; 66.8 ; 17";https://www.avito.ru/kazan/kvartiry/3-k_kvartira_66.8_m_1725_et._1904278803;3857000;1
"2; 54.3 ; 8";https://www.avito.ru/kazan/kvartiry/2-k_kvartira_54.3_m_819_et._1872748168;3276000;2
"2; 80.4 ; 15";https://www.avito.ru/kazan/kvartiry/2-k_kvartira_80.4_m_1518_et._1529678365;12200000;3
"1; 39.5 ; 8";https://www.avito.ru/kazan/kvartiry/1-k_kvartira_39.5_m_816_et._1927612453;3870000;2 
"3; 89 ; 3";https://www.avito.ru/kazan/kvartiry/3-k_kvartira_89_m_35_et._1946199706;6020000;2
"1; 41 ; 16";https://www.avito.ru/kazan/kvartiry/1-k_kvartira_41_m_1621_et._1909676420;4150000;3 
"3; 73.1 ; 14";https://www.avito.ru/kazan/kvartiry/3-k_kvartira_73.1_m_1419_et._1916077427;4529720;2
"1; 30 ; 4";https://www.avito.ru/kazan/kvartiry/1-k_kvartira_30_m_45_et._1912572188;1850000;1
"1; 44.8 ; 11";https://www.avito.ru/kazan/kvartiry/1-k_kvartira_44.8_m_1115_et._1914031232;6828809;3 
"1; 41.5 ; 3";https://www.avito.ru/kazan/kvartiry/1-k_kvartira_41.5_m_319_et._1889456303;3450000;2
"3; 178 ; 13";https://www.avito.ru/kazan/kvartiry/3-k_kvartira_178_m_1337_et._1932798591;9500000;2
"1; 23 ; 1";https://www.avito.ru/kazan/kvartiry/1-k_kvartira_23_m_15_et._1887610130;1420000;1
"2; 53.3 ; 6";https://www.avito.ru/kazan/kvartiry/2-k_kvartira_53.3_m_610_et._1905135831;4499000;3 
"2; 60 ; 7";https://www.avito.ru/kazan/kvartiry/2-k_kvartira_60_m_722_et._1845320385;11500000;3
"1; 42 ; 19";https://www.avito.ru/kazan/kvartiry/1-k_kvartira_42_m_1920_et._1927178787;3899000;2
"3; 63 ; 9";https://www.avito.ru/kazan/kvartiry/3-k_kvartira_63_m_99_et._1924934083;4050000;2
"1; 31.5 ; 14";https://www.avito.ru/kazan/kvartiry/1-k_kvartira_31.5_m_1419_et._1939535975;2300000;2
"4; 110 ; 9";https://www.avito.ru/kazan/kvartiry/4-k_kvartira_110_m_910_et._1860997190;6950000;2
"1; 32 ; 10";https://www.avito.ru/kazan/kvartiry/1-k_kvartira_32_m_1019_et._1924669191;3650000;3 
"2; 44 ; 1";https://www.avito.ru/kazan/kvartiry/2-k_kvartira_44_m_15_et._723513521;2900000;1
"1; 53 ; 5";https://www.avito.ru/kazan/kvartiry/1-k_kvartira_53_m_525_et._1769932480;4550000;3
"2; 45 ; 9";https://www.avito.ru/kazan/kvartiry/2-k_kvartira_45_m_919_et._1940606280;2680000;2
"1; 35 ; 9";https://www.avito.ru/kazan/kvartiry/1-k_kvartira_35_m_919_et._1924733284;3580000;3 
"1; 36 ; 7";https://www.avito.ru/kazan/kvartiry/1-k_kvartira_36_m_719_et._1928712411;4080000;2 
"2; 52 ; 6";https://www.avito.ru/kazan/kvartiry/2-k_kvartira_52_m_69_et._1938253501;3700000;2 
"1; 34 ; 3";https://www.avito.ru/kazan/kvartiry/1-k_kvartira_34_m_310_et._1918563386;3500000;2
"1; 40.3 ; 10";https://www.avito.ru/kazan/kvartiry/1-k_kvartira_40.3_m_1010_et._1947581533;3350000;2
"1; 38 ; 7";https://www.avito.ru/kazan/kvartiry/1-k_kvartira_38_m_79_et._1862331310;2800000;3
"2; 51.2 ; 12";https://www.avito.ru/kazan/kvartiry/2-k_kvartira_51.2_m_1219_et._1940065916;3010000;2
"2; 50 ; 5";https://www.avito.ru/kazan/kvartiry/2-k_kvartira_50_m_55_et._1907973593;4200000;3 
"2; 54 ; 10";https://www.avito.ru/kazan/kvartiry/2-k_kvartira_54_m_1011_et._1838915761;4270000;2
"1; 20 ; 6";https://www.avito.ru/kazan/kvartiry/1-k_kvartira_20_m_69_et._1926787454;2170000;3
"3; 84 ; 6";https://www.avito.ru/kazan/kvartiry/3-k_kvartira_84_m_67_et._1933374030;5100000;2 
"2; 19 ; 3";https://www.avito.ru/kazan/kvartiry/2-k_kvartira_19_m_35_et._1944873019;1849999;3
"1; 40 ; 3";https://www.avito.ru/kazan/kvartiry/1-k_kvartira_40_m_318_et._1924364411;3900000;3 
"2; 60 ; 17";https://www.avito.ru/kazan/kvartiry/2-k_kvartira_60_m_1721_et._1888699039;4613268;2 
"4; 131 ; 4";https://www.avito.ru/kazan/kvartiry/4-k_kvartira_131_m_425_et._1759282236;7390000;3
"2; 43 ; 2";https://www.avito.ru/kazan/kvartiry/2-k_kvartira_43_m_25_et._1927686409;3490000;3 
"2; 46 ; 2";https://www.avito.ru/kazan/kvartiry/2-k_kvartira_46_m_25_et._1928698993;3200000;2 
"2; 62 ; 5";https://www.avito.ru/kazan/kvartiry/2-k_kvartira_62_m_518_et._1927857527;3750000;1
"1; 19 ; 5";https://www.avito.ru/kazan/kvartiry/1-k_kvartira_19_m_56_et._1838816502;1150000;1
"3; 72.8 ; 5";https://www.avito.ru/kazan/kvartiry/3-k_kvartira_72.8_m_55_et._1929140364;4800000;2
"3; 72 ; 3";https://www.avito.ru/kazan/kvartiry/3-k_kvartira_72_m_319_et._1946260729;3579999;2
"3; 68 ; 3";https://www.avito.ru/kazan/kvartiry/3-k_kvartira_68_m_39_et._1947102192;4600000;2
"2; 45 ; 5";https://www.avito.ru/kazan/kvartiry/2-k_kvartira_45_m_55_et._1947739503;3199000;3 
"3; 65.6 ; 8";https://www.avito.ru/kazan/kvartiry/3-k_kvartira_65.6_m_89_et._1860266534;4199000;2 
"2; 44 ; 4";https://www.avito.ru/kazan/kvartiry/2-k_kvartira_44_m_46_et._1924675981;3800000;2
"2; 50 ; 2";https://www.avito.ru/kazan/kvartiry/2-k_kvartira_50_m_25_et._1947583791;4450000;1 
"0.5; 32 ; 8";https://www.avito.ru/kazan/kvartiry/studiya_32_m_819_et._1887792471;3000000;2
"1; 25 ; 1";https://www.avito.ru/kazan/kvartiry/1-k_kvartira_25_m_113_et._1936461612;2100000;3 
"3; 60 ; 1";https://www.avito.ru/kazan/kvartiry/3-k_kvartira_60_m_15_et._1838423030;3799000;2
"1; 38.6 ; 8";https://www.avito.ru/kazan/kvartiry/1-k_kvartira_38.6_m_819_et._1919606632;3900000;3
"1; 17 ; 4";https://www.avito.ru/kazan/kvartiry/1-k_kvartira_17_m_45_et._1934879522;1250000;3
"3; 98 ; 11";https://www.avito.ru/kazan/kvartiry/3-k_kvartira_98_m_1120_et._1915419551;7250000;2 
"2; 68 ; 3";https://www.avito.ru/kazan/kvartiry/2-k_kvartira_68_m_39_et._1826733510;6350000;2
"3; 73 ; 12";https://www.avito.ru/kazan/kvartiry/3-k_kvartira_73_m_1219_et._1940062659;4530000;2
"5; 80 ; 8";https://www.avito.ru/kazan/kvartiry/5-k_kvartira_80_m_810_et._1934854816;5500000;2
"1; 37.9 ; 3";https://www.avito.ru/kazan/kvartiry/1-k_kvartira_37.9_m_34_et._1937535136;1899000;2
"3; 99 ; 6";https://www.avito.ru/kazan/kvartiry/3-k_kvartira_99_m_610_et._1616509186;7299000;2 
"1; 37 ; 5";https://www.avito.ru/kazan/kvartiry/1-k_kvartira_37_m_510_et._1585549747;4900000;2
"2; 40 ; 14";https://www.avito.ru/kazan/kvartiry/2-k_kvartira_40_m_1416_et._1894025920;4570000;2 
"3; 71 ; 8";https://www.avito.ru/kazan/kvartiry/3-k_kvartira_71_m_819_et._1946665955;3599999;2
"1; 40 ; 18";https://www.avito.ru/kazan/kvartiry/1-k_kvartira_40_m_1823_et._1894692393;3900000;3
"1; 35.3 ; 16";https://www.avito.ru/kazan/kvartiry/1-k_kvartira_35.3_m_1619_et._1709225095;3496000;2 
"1; 37 ; 1";https://www.avito.ru/kazan/kvartiry/1-k_kvartira_37_m_19_et._1925149886;2980000;2
"1; 35.9 ; 8";https://www.avito.ru/kazan/kvartiry/1-k_kvartira_35.9_m_825_et._1920547794;2266352;1
"1; 41 ; 9";https://www.avito.ru/kazan/kvartiry/1-k_kvartira_41_m_918_et._1199891024;3490000;2 
"1; 13.5 ; 2";https://www.avito.ru/kazan/kvartiry/1-k_kvartira_13.5_m_25_et._1927463498;1250000;2
"2; 62.6 ; 5";https://www.avito.ru/kazan/kvartiry/2-k_kvartira_62.6_m_525_et._1887981115;6511554;3 
"4; 100.9 ; 10";https://www.avito.ru/kazan/kvartiry/4-k_kvartira_100.9_m_1011_et._1924766692;6200000;2
"1; 49 ; 7";https://www.avito.ru/kazan/kvartiry/1-k_kvartira_49_m_716_et._1939041865;4080000;3 
"3; 108 ; 3";https://www.avito.ru/kazan/kvartiry/3-k_kvartira_108_m_34_et._1777226853;9900000;4 
"1; 14.2 ; 1";https://www.avito.ru/kazan/kvartiry/1-k_kvartira_14.2_m_110_et._1934023887;1490000;3 
"1; 34.3 ; 3";https://www.avito.ru/kazan/kvartiry/1-k_kvartira_34.3_m_310_et._1934824541;4100000;2 
"1; 28 ; 3";https://www.avito.ru/kazan/kvartiry/1-k_kvartira_28_m_35_et._1934342410;2300000;3
"2; 43 ; 3";https://www.avito.ru/kazan/kvartiry/2-k_kvartira_43_m_39_et._1934345931;2800000;3
"1; 38 ; 1";https://www.avito.ru/kazan/kvartiry/1-k_kvartira_38_m_15_et._1418963437;1850000;2
"1; 38 ; 6";https://www.avito.ru/kazan/kvartiry/1-k_kvartira_38_m_69_et._1934214205;3100000;3 
"1; 51 ; 4";https://www.avito.ru/kazan/kvartiry/1-k_kvartira_51_m_422_et._1866623249;5380000;3
"1; 45 ; 4";https://www.avito.ru/kazan/kvartiry/1-k_kvartira_45_m_47_et._1939758877;4842000;3
"2; 74 ; 2";https://www.avito.ru/kazan/kvartiry/2-k_kvartira_74_m_24_et._1939527177;10000000;3
"2; 65 ; 14";https://www.avito.ru/kazan/kvartiry/2-k_kvartira_65_m_1419_et._1939544142;5100000;2 
"1; 31.2 ; 10";https://www.avito.ru/kazan/kvartiry/1-k_kvartira_31.2_m_1019_et._1939100761;2190548;2
"2; 36 ; 1";https://www.avito.ru/kazan/kvartiry/2-k_kvartira_36_m_15_et._1930915953;3300000;3
"2; 46 ; 3";https://www.avito.ru/kazan/kvartiry/2-k_kvartira_46_m_35_et._1939623728;2799000;2 
"1; 33 ; 10";https://www.avito.ru/kazan/kvartiry/1-k_kvartira_33_m_1019_et._1939585096;3492700;2
"3; 84.6 ; 2";https://www.avito.ru/kazan/kvartiry/3-k_kvartira_84.6_m_220_et._1939666433;5581620;2
"1; 31 ; 10";https://www.avito.ru/kazan/kvartiry/1-k_kvartira_31_m_1019_et._1939199659;2364288;2
"1; 31.8 ; 10";https://www.avito.ru/kazan/kvartiry/1-k_kvartira_31.8_m_1010_et._1929536495;3300000;2 
"1; 30.9 ; 2";https://www.avito.ru/kazan/kvartiry/1-k_kvartira_30.9_m_219_et._1939738069;2533800;2
"3; 120 ; 7";https://www.avito.ru/kazan/kvartiry/3-k_kvartira_120_m_77_et._1939597844;10500000;4
"1; 45 ; 8";https://www.avito.ru/kazan/kvartiry/1-k_kvartira_45_m_810_et._1930578846;4200000;1 
"3; 177 ; 13";https://www.avito.ru/kazan/kvartiry/3-k_kvartira_177_m_1337_et._1939851159;9500000;2
"3; 65.9 ; 25";https://www.avito.ru/kazan/kvartiry/3-k_kvartira_65.9_m_2525_et._1939329021;4966992;2
"2; 55 ; 11";https://www.avito.ru/kazan/kvartiry/2-k_kvartira_55_m_1118_et._1934620536;4100000;2
"3; 178 ; 25";https://www.avito.ru/kazan/kvartiry/3-k_kvartira_178_m_2537_et._1939070146;10800000;2
"1; 34.7 ; 2";https://www.avito.ru/kazan/kvartiry/1-k_kvartira_34.7_m_210_et._1923018808;3056000;2 
"1; 33.5 ; 1";https://www.avito.ru/kazan/kvartiry/1-k_kvartira_33.5_m_110_et._1939460566;2922000;2
"1; 26.1 ; 11";https://www.avito.ru/kazan/kvartiry/1-k_kvartira_26.1_m_1119_et._1939929129;2711000;2
"1; 47.6 ; 13";https://www.avito.ru/kazan/kvartiry/1-k_kvartira_47.6_m_1320_et._1939617911;5910883;3
"2; 67 ; 8";https://www.avito.ru/kazan/kvartiry/2-k_kvartira_67_m_812_et._1285084571;5350000;2
"2; 74.5 ; 14";https://www.avito.ru/kazan/kvartiry/2-k_kvartira_74.5_m_1424_et._1939924011;8744407;3 
"1; 27 ; 2";https://www.avito.ru/kazan/kvartiry/1-k_kvartira_27_m_212_et._1759301139;2900000;1 
"1; 44 ; 8";https://www.avito.ru/kazan/kvartiry/1-k_kvartira_44_m_820_et._1803720368;3895000;3
"1; 32 ; 13";https://www.avito.ru/kazan/kvartiry/1-k_kvartira_32_m_1319_et._1841583261;3398000;2
"1; 49 ; 2";https://www.avito.ru/kazan/kvartiry/1-k_kvartira_49_m_210_et._1921424857;4450000;2 
"2; 61 ; 1";https://www.avito.ru/kazan/kvartiry/2-k_kvartira_61_m_15_et._1916338933;4300000;1
"1; 45.5 ; 2";https://www.avito.ru/kazan/kvartiry/1-k_kvartira_45.5_m_25_et._1939992109;3430000;2
"1; 37 ; 5";https://www.avito.ru/kazan/kvartiry/1-k_kvartira_37_m_59_et._1927141802;2980000;2
"1; 35 ; 7";https://www.avito.ru/kazan/kvartiry/1-k_kvartira_35_m_710_et._1906429900;4000000;2
"2; 46 ; 5";https://www.avito.ru/kazan/kvartiry/2-k_kvartira_46_m_55_et._1918053265;3350000;1 
"2; 47.3 ; 5";https://www.avito.ru/kazan/kvartiry/2-k_kvartira_47.3_m_55_et._1939515498;2900000;2
"1; 41.7 ; 2";https://www.avito.ru/kazan/kvartiry/1-k_kvartira_41.7_m_218_et._1863707377;4190000;2 
"3; 89.9 ; 20";https://www.avito.ru/kazan/kvartiry/3-k_kvartira_89.9_m_2025_et._1822481068;11800000;3
"3; 69.4 ; 6";https://www.avito.ru/kazan/kvartiry/3-k_kvartira_69.4_m_619_et._1498486406;6033450;2 
"3; 72.8 ; 11";https://www.avito.ru/kazan/kvartiry/3-k_kvartira_72.8_m_1118_et._1104796339;5897000;2 
"2; 52 ; 4";https://www.avito.ru/kazan/kvartiry/2-k_kvartira_52_m_419_et._1652877271;4840000;2 
"1; 41.7 ; 12";https://www.avito.ru/kazan/kvartiry/1-k_kvartira_41.7_m_1218_et._1908379625;3501960;2 
"3; 110.5 ; 12";https://www.avito.ru/kazan/kvartiry/3-k_kvartira_110.5_m_1216_et._1930064370;9300000;2
"2; 57 ; 4";https://www.avito.ru/kazan/kvartiry/2-k_kvartira_57_m_49_et._1910162803;4800000;3 
"1; 45.8 ; 5";https://www.avito.ru/kazan/kvartiry/1-k_kvartira_45.8_m_55_et._1908572975;3890000;2
"1; 45.8 ; 1";https://www.avito.ru/kazan/kvartiry/1-k_kvartira_45.8_m_15_et._1940889397;3320000;2
"1; 31 ; 5";https://www.avito.ru/kazan/kvartiry/1-k_kvartira_31_m_517_et._1863500880;3230000;3 
"2; 58 ; 2";https://www.avito.ru/kazan/kvartiry/2-k_kvartira_58_m_210_et._1895594483;4999999;2
"2; 62.8 ; 6";https://www.avito.ru/kazan/kvartiry/2-k_kvartira_62.8_m_66_et._1818104681;6699000;2
"1; 37 ; 1";https://www.avito.ru/kazan/kvartiry/1-k_kvartira_37_m_13_et._1891466750;2650000;2
"5; 200 ; 5";https://www.avito.ru/kazan/kvartiry/5-k_kvartira_200_m_56_et._1922923198;21000000;3
"1; 38 ; 4";https://www.avito.ru/kazan/kvartiry/1-k_kvartira_38_m_46_et._1835542528;4370000;4
"1; 31 ; 5";https://www.avito.ru/kazan/kvartiry/1-k_kvartira_31_m_519_et._1948221178;2450000;2
"3; 76 ; 9";https://www.avito.ru/kazan/kvartiry/3-k_kvartira_76_m_912_et._1905501175;5706000;2 
"2; 42.9 ; 5";https://www.avito.ru/kazan/kvartiry/2-k_kvartira_42.9_m_55_et._1915250775;3350000;2 
"2; 72 ; 6";https://www.avito.ru/kazan/kvartiry/2-k_kvartira_72_m_69_et._1897548480;5298000;2 
"2; 48 ; 12";https://www.avito.ru/kazan/kvartiry/2-k_kvartira_48_m_1220_et._1862853400;4760000;2 
"1; 31 ; 5";https://www.avito.ru/kazan/kvartiry/1-k_kvartira_31_m_59_et._1933196298;2600000;1 
"2; 43 ; 9";https://www.avito.ru/kazan/kvartiry/2-k_kvartira_43_m_910_et._1938907847;3850000;3
"1; 41 ; 8";https://www.avito.ru/kazan/kvartiry/1-k_kvartira_41_m_818_et._1935756920;2500000;1
"1; 38 ; 7";https://www.avito.ru/kazan/kvartiry/1-k_kvartira_38_m_79_et._1909631963;3650000;2
"3; 58 ; 5";https://www.avito.ru/kazan/kvartiry/3-k_kvartira_58_m_55_et._1863486571;4090000;3 
"2; 56 ; 10";https://www.avito.ru/kazan/kvartiry/2-k_kvartira_56_m_1017_et._1947669909;6399000;3 
"1; 36 ; 9";https://www.avito.ru/kazan/kvartiry/1-k_kvartira_36_m_910_et._1931783301;3300000;1 
"0.5; 17 ; 7";https://www.avito.ru/kazan/kvartiry/studiya_17_m_79_et._1925932256;1350000;3 
"1; 32 ; 11";https://www.avito.ru/kazan/kvartiry/1-k_kvartira_32_m_1118_et._1783000790;2400000;1
"1; 36 ; 4";https://www.avito.ru/kazan/kvartiry/1-k_kvartira_36_m_45_et._1947116387;2950000;1
"3; 81.4 ; 12";https://www.avito.ru/kazan/kvartiry/3-k_kvartira_81.4_m_1216_et._1859429662;6990000;2 
"1; 46 ; 2";https://www.avito.ru/kazan/kvartiry/1-k_kvartira_46_m_25_et._1946668586;4800000;2
"3; 85.6 ; 3";https://www.avito.ru/kazan/kvartiry/3-k_kvartira_85.6_m_318_et._1902742355;3799000;1
"1; 32 ; 4";https://www.avito.ru/kazan/kvartiry/1-k_kvartira_32_m_45_et._1943410173;2800000;2
"3; 67 ; 1";https://www.avito.ru/kazan/kvartiry/3-k_kvartira_67_m_110_et._1928163091;4590000;3
"2; 53 ; 7";https://www.avito.ru/kazan/kvartiry/2-k_kvartira_53_m_710_et._1590953671;4999999;3 
"1; 41 ; 10";https://www.avito.ru/kazan/kvartiry/1-k_kvartira_41_m_1016_et._1791158992;3460000;2 
"0.5; 22 ; 2";https://www.avito.ru/kazan/kvartiry/studiya_22_m_25_et._1903095519;1270000;3 
"1; 51 ; 8";https://www.avito.ru/kazan/kvartiry/1-k_kvartira_51_m_818_et._1886869714;5300000;3 
"2; 45 ; 8";https://www.avito.ru/kazan/kvartiry/2-k_kvartira_45_m_89_et._1883820506;3800000;3
"0.5; 31.1 ; 11";https://www.avito.ru/kazan/kvartiry/studiya_31.1_m_1115_et._1927216699;2950000;2
"3; 52.4 ; 1";https://www.avito.ru/kazan/kvartiry/3-k_kvartira_52.4_m_19_et._1924712725;4260000;2
"2; 40 ; 2";https://www.avito.ru/kazan/kvartiry/2-k_kvartira_40_m_22_et._1935247112;2500000;2 
"2; 45 ; 3";https://www.avito.ru/kazan/kvartiry/2-k_kvartira_45_m_35_et._1888455321;3830000;3
"2; 53 ; 2";https://www.avito.ru/kazan/kvartiry/2-k_kvartira_53_m_29_et._1920028631;3800000;2 
"4; 93 ; 5";https://www.avito.ru/kazan/kvartiry/4-k_kvartira_93_m_510_et._1887300302;4890000;2
"2; 46 ; 5";https://www.avito.ru/kazan/kvartiry/2-k_kvartira_46_m_55_et._1887220341;3500000;3
"1; 51.4 ; 7";https://www.avito.ru/kazan/kvartiry/1-k_kvartira_51.4_m_715_et._1882202056;6436661;3 
"1; 19 ; 5";https://www.avito.ru/kazan/kvartiry/1-k_kvartira_19_m_55_et._1887576955;1290000;2
"1; 25.5 ; 1";https://www.avito.ru/kazan/kvartiry/1-k_kvartira_25.5_m_12_et._1923547194;1700000;2
"2; 62 ; 4";https://www.avito.ru/kazan/kvartiry/2-k_kvartira_62_m_47_et._1926973836;5300000;1
"1; 48 ; 6";https://www.avito.ru/kazan/kvartiry/1-k_kvartira_48_m_623_et._1935943380;3699000;2 
"1; 37.6 ; 7";https://www.avito.ru/kazan/kvartiry/1-k_kvartira_37.6_m_721_et._1887287454;3800000;2 
"1; 30 ; 6";https://www.avito.ru/kazan/kvartiry/1-k_kvartira_30_m_610_et._1881509334;3000000;2
"1; 20 ; 1";https://www.avito.ru/kazan/kvartiry/1-k_kvartira_20_m_19_et._1927562080;1900000;3
"2; 57.2 ; 5";https://www.avito.ru/kazan/kvartiry/2-k_kvartira_57.2_m_518_et._1908932563;4633200;2 
"1; 50 ; 9";https://www.avito.ru/kazan/kvartiry/1-k_kvartira_50_m_919_et._1875080332;4899000;3
"1; 32 ; 3";https://www.avito.ru/kazan/kvartiry/1-k_kvartira_32_m_35_et._1925400874;2999999;2 
"1; 35 ; 3";https://www.avito.ru/kazan/kvartiry/1-k_kvartira_35_m_323_et._1070363053;3240000;3
"2; 44 ; 13";https://www.avito.ru/kazan/kvartiry/2-k_kvartira_44_m_1319_et._1939216621;3520000;2
"3; 76 ; 4";https://www.avito.ru/kazan/kvartiry/3-k_kvartira_76_m_45_et._1892282181;5599000;2
"1; 36.5 ; 12";https://www.avito.ru/kazan/kvartiry/1-k_kvartira_36.5_m_1225_et._1926311884;2085000;1
"1; 56 ; 1";https://www.avito.ru/kazan/kvartiry/1-k_kvartira_56_m_110_et._1947128814;4100000;2
"5; 15 ; 4";https://www.avito.ru/kazan/kvartiry/5-k_kvartira_15_m_45_et._1941923109;1200000;2
"1; 35 ; 11";https://www.avito.ru/kazan/kvartiry/1-k_kvartira_35_m_1119_et._1905102818;3210000;2 
"3; 56.3 ; 10";https://www.avito.ru/kazan/kvartiry/3-k_kvartira_56.3_m_1012_et._1917027977;5600000;2
"1; 38 ; 2";https://www.avito.ru/kazan/kvartiry/1-k_kvartira_38_m_23_et._1949087918;2100000;2
"2; 55.7 ; 5";https://www.avito.ru/kazan/kvartiry/2-k_kvartira_55.7_m_55_et._1925809489;3600000;1
"2; 44.5 ; 11";https://www.avito.ru/kazan/kvartiry/2-k_kvartira_44.5_m_1119_et._1923735613;2539237;2
"2; 43.3 ; 3";https://www.avito.ru/kazan/kvartiry/2-k_kvartira_43.3_m_35_et._1866718482;2980000;1
"2; 60 ; 2";https://www.avito.ru/kazan/kvartiry/2-k_kvartira_60_m_210_et._1947792916;4199999;2
"1; 41 ; 15";https://www.avito.ru/kazan/kvartiry/1-k_kvartira_41_m_1518_et._1907133107;2579000;1
"0.5; 21.2 ; 10";https://www.avito.ru/kazan/kvartiry/studiya_21.2_m_1016_et._1892324057;2680000;3 
"1; 37 ; 5";https://www.avito.ru/kazan/kvartiry/1-k_kvartira_37_m_510_et._1924788101;3550000;2 
"2; 46 ; 5";https://www.avito.ru/kazan/kvartiry/2-k_kvartira_46_m_55_et._1901524606;3380000;2
"4; 90 ; 4";https://www.avito.ru/kazan/kvartiry/4-k_kvartira_90_m_49_et._1888958070;6500000;2 
"2; 54 ; 2";https://www.avito.ru/kazan/kvartiry/2-k_kvartira_54_m_29_et._1943602293;3850000;1
"1; 38.9 ; 21";https://www.avito.ru/kazan/kvartiry/1-k_kvartira_38.9_m_2121_et._1888147738;3676364;2 
"3; 73.5 ; 6";https://www.avito.ru/kazan/kvartiry/3-k_kvartira_73.5_m_619_et._1940923837;4529000;2
"3; 61 ; 4";https://www.avito.ru/kazan/kvartiry/3-k_kvartira_61_m_45_et._1938490400;4200000;2
"1; 36 ; 10";https://www.avito.ru/kazan/kvartiry/1-k_kvartira_36_m_1011_et._1900305267;4290000;3
"0.5; 18 ; 4";https://www.avito.ru/kazan/kvartiry/studiya_18_m_45_et._1930783561;1750000;2
"2; 60 ; 1";https://www.avito.ru/kazan/kvartiry/2-k_kvartira_60_m_117_et._1919540895;4800000;2
"2; 63 ; 2";https://www.avito.ru/kazan/kvartiry/2-k_kvartira_63_m_218_et._1831791727;3490000;1
"1; 53 ; 2";https://www.avito.ru/kazan/kvartiry/1-k_kvartira_53_m_212_et._1831121469;5080000;3
"1; 41.2 ; 9";https://www.avito.ru/kazan/kvartiry/1-k_kvartira_41.2_m_915_et._1927027423;4399999;2
"2; 49 ; 9";https://www.avito.ru/kazan/kvartiry/2-k_kvartira_49_m_99_et._1922694374;4090000;1 
"1; 41 ; 4";https://www.avito.ru/kazan/kvartiry/1-k_kvartira_41_m_44_et._1400908097;1990000;2
"3; 65.5 ; 5";https://www.avito.ru/kazan/kvartiry/3-k_kvartira_65.5_m_55_et._1895531983;5450000;3 
"1; 32 ; 7";https://www.avito.ru/kazan/kvartiry/1-k_kvartira_32_m_723_et._1938968991;3050000;2
"1; 46.3 ; 2";https://www.avito.ru/kazan/kvartiry/1-k_kvartira_46.3_m_217_et._1831480891;3950000;3
"1; 28.7 ; 16";https://www.avito.ru/kazan/kvartiry/1-k_kvartira_28.7_m_1619_et._1907581737;2900000;2
"1; 69.5 ; 3";https://www.avito.ru/kazan/kvartiry/1-k_kvartira_69.5_m_36_et._1946558040;7800000;3
"2; 53 ; 5";https://www.avito.ru/kazan/kvartiry/2-k_kvartira_53_m_55_et._1929393757;3639000;2 
"1; 35.4 ; 3";https://www.avito.ru/kazan/kvartiry/1-k_kvartira_35.4_m_33_et._1923093715;2200000;2
"3; 60 ; 2";https://www.avito.ru/kazan/kvartiry/3-k_kvartira_60_m_29_et._1923227173;5000000;2
"3; 90 ; 7";https://www.avito.ru/kazan/kvartiry/3-k_kvartira_90_m_719_et._1865839392;10000000;3 
"1; 42.6 ; 5";https://www.avito.ru/kazan/kvartiry/1-k_kvartira_42.6_m_510_et._1947499858;4190000;3 
"2; 53 ; 4";https://www.avito.ru/kazan/kvartiry/2-k_kvartira_53_m_49_et._1946243173;5000000;3
"1; 39 ; 10";https://www.avito.ru/kazan/kvartiry/1-k_kvartira_39_m_1025_et._1936768955;1998000;1
"1; 19 ; 4";https://www.avito.ru/kazan/kvartiry/1-k_kvartira_19_m_45_et._1949430703;1700000;2
"2; 64 ; 11";https://www.avito.ru/kazan/kvartiry/2-k_kvartira_64_m_1122_et._1946561954;6450000;3 
"2; 41.5 ; 5";https://www.avito.ru/kazan/kvartiry/2-k_kvartira_41.5_m_55_et._1924911756;3100000;3 
"3; 70.6 ; 16";https://www.avito.ru/kazan/kvartiry/3-k_kvartira_70.6_m_1619_et._1946510987;4350000;2
"3; 89 ; 14";https://www.avito.ru/kazan/kvartiry/3-k_kvartira_89_m_1420_et._1905922655;7250000;3
"2; 38 ; 3";https://www.avito.ru/kazan/kvartiry/2-k_kvartira_38_m_38_et._1940310960;2810000;1 
"1; 39.1 ; 3";https://www.avito.ru/kazan/kvartiry/1-k_kvartira_39.1_m_317_et._1841804266;3250000;3 
"3; 178 ; 13";https://www.avito.ru/kazan/kvartiry/3-k_kvartira_178_m_1337_et._1302509769;9500000;2
"1; 30 ; 4";https://www.avito.ru/kazan/kvartiry/1-k_kvartira_30_m_45_et._1912572188;1850000;1
"3; 98 ; 6";https://www.avito.ru/kazan/kvartiry/3-k_kvartira_98_m_69_et._1894273794;11500000;3 
"2; 51 ; 2";https://www.avito.ru/kazan/kvartiry/2-k_kvartira_51_m_226_et._1913580768;4870000;3
"3; 82 ; 19";https://www.avito.ru/kazan/kvartiry/3-k_kvartira_82_m_1924_et._1902480726;6850000;2 
"1; 32 ; 2";https://www.avito.ru/kazan/kvartiry/1-k_kvartira_32_m_25_et._1867237798;2600000;1 
"3; 64 ; 1";https://www.avito.ru/kazan/kvartiry/3-k_kvartira_64_m_13_et._1946994999;3150000;2
"2; 43 ; 3";https://www.avito.ru/kazan/kvartiry/2-k_kvartira_43_m_310_et._1912295294;3250000;2
"2; 142 ; 4";https://www.avito.ru/kazan/kvartiry/2-k_kvartira_142_m_44_et._1948551408;8990000;4 
"2; 47.6 ; 3";https://www.avito.ru/kazan/kvartiry/2-k_kvartira_47.6_m_39_et._1923099802;4200000;2
"3; 73.1 ; 14";https://www.avito.ru/kazan/kvartiry/3-k_kvartira_73.1_m_1419_et._1916077427;4529720;2
"3; 118 ; 8";https://www.avito.ru/kazan/kvartiry/3-k_kvartira_118_m_824_et._1946075529;25500000;3 
"2; 46.3 ; 2";https://www.avito.ru/kazan/kvartiry/2-k_kvartira_46.3_m_25_et._1930928687;2450000;1
"0.5; 34.8 ; 11";https://www.avito.ru/kazan/kvartiry/studiya_34.8_m_1120_et._1777628387;4000000;2
"1; 34 ; 8";https://www.avito.ru/kazan/kvartiry/1-k_kvartira_34_m_89_et._1916673354;3550000;2
"1; 23.5 ; 1";https://www.avito.ru/kazan/kvartiry/1-k_kvartira_23.5_m_13_et._1919351724;1445300;2
"2; 55 ; 3";https://www.avito.ru/kazan/kvartiry/2-k_kvartira_55_m_39_et._1897129026;3650000;2
"1; 53 ; 2";https://www.avito.ru/kazan/kvartiry/1-k_kvartira_53_m_23_et._1919701430;2599000;2
"0.5; 31 ; 9";https://www.avito.ru/kazan/kvartiry/studiya_31_m_916_et._1910349065;2300000;2
"2; 54.4 ; 3";https://www.avito.ru/kazan/kvartiry/2-k_kvartira_54.4_m_317_et._1840261711;5768000;3
"2; 44.5 ; 9";https://www.avito.ru/kazan/kvartiry/2-k_kvartira_44.5_m_919_et._1872737985;2721494;2
"3; 62.1 ; 1";https://www.avito.ru/kazan/kvartiry/3-k_kvartira_62.1_m_15_et._1887150183;3070000;1
"0.5; 29 ; 10";https://www.avito.ru/kazan/kvartiry/studiya_29_m_1023_et._1878920399;3210000;2
"2; 60 ; 8";https://www.avito.ru/kazan/kvartiry/2-k_kvartira_60_m_810_et._1904744278;6300000;3
"3; 108 ; 9";https://www.avito.ru/kazan/kvartiry/3-k_kvartira_108_m_918_et._1776649347;11417000;3 
"3; 90 ; 7";https://www.avito.ru/kazan/kvartiry/3-k_kvartira_90_m_77_et._1913093821;5900000;2
"1; 52 ; 6";https://www.avito.ru/kazan/kvartiry/1-k_kvartira_52_m_616_et._1905753915;3890000;2
"2; 57.6 ; 13";https://www.avito.ru/kazan/kvartiry/2-k_kvartira_57.6_m_1315_et._1904876531;3196000;1
"1; 31 ; 10";https://www.avito.ru/kazan/kvartiry/1-k_kvartira_31_m_1017_et._1886480832;3300000;3 
"2; 53.3 ; 3";https://www.avito.ru/kazan/kvartiry/2-k_kvartira_53.3_m_34_et._1770398986;3200000;2
"2; 51 ; 4";https://www.avito.ru/kazan/kvartiry/2-k_kvartira_51_m_49_et._1854730103;4350000;2
"1; 32 ; 4";https://www.avito.ru/kazan/kvartiry/1-k_kvartira_32_m_45_et._1831565471;2050000;2
"2; 53.3 ; 5";https://www.avito.ru/kazan/kvartiry/2-k_kvartira_53.3_m_510_et._1833961479;4518992;3 
"3; 89.1 ; 11";https://www.avito.ru/kazan/kvartiry/3-k_kvartira_89.1_m_1124_et._1866619711;6575580;2 
"3; 123.7 ; 8";https://www.avito.ru/kazan/kvartiry/3-k_kvartira_123.7_m_823_et._1904747525;11821000;3 
"1; 44.8 ; 11";https://www.avito.ru/kazan/kvartiry/1-k_kvartira_44.8_m_1115_et._1914031232;6828809;3 
"1; 32 ; 3";https://www.avito.ru/kazan/kvartiry/1-k_kvartira_32_m_35_et._1851546729;3100000;3 
"1; 42 ; 7";https://www.avito.ru/kazan/kvartiry/1-k_kvartira_42_m_710_et._1897159310;3570000;2
"2; 47 ; 16";https://www.avito.ru/kazan/kvartiry/2-k_kvartira_47_m_1617_et._1940530010;3554000;2
"1; 21 ; 2";https://www.avito.ru/kazan/kvartiry/1-k_kvartira_21_m_29_et._1894580440;1870000;1 
"2; 49 ; 5";https://www.avito.ru/kazan/kvartiry/2-k_kvartira_49_m_55_et._1935831286;2800000;1
"1; 39 ; 1";https://www.avito.ru/kazan/kvartiry/1-k_kvartira_39_m_19_et._1846355175;2990000;3
"3; 108 ; 9";https://www.avito.ru/kazan/kvartiry/3-k_kvartira_108_m_910_et._1839622578;9900000;2
"3; 119 ; 4";https://www.avito.ru/kazan/kvartiry/3-k_kvartira_119_m_47_et._1787705339;9800000;4 
"1; 39 ; 6";https://www.avito.ru/kazan/kvartiry/1-k_kvartira_39_m_621_et._1853841865;3391000;2 
"2; 58 ; 17";https://www.avito.ru/kazan/kvartiry/2-k_kvartira_58_m_1724_et._1936972313;5349000;3 
"1; 34 ; 5";https://www.avito.ru/kazan/kvartiry/1-k_kvartira_34_m_56_et._1895550919;2780000;2
"3; 75 ; 3";https://www.avito.ru/kazan/kvartiry/3-k_kvartira_75_m_319_et._1915641319;5999000;2
"3; 130.1 ; 2";https://www.avito.ru/kazan/kvartiry/3-k_kvartira_130.1_m_26_et._1907116676;7500000;3
"3; 82 ; 12";https://www.avito.ru/kazan/kvartiry/3-k_kvartira_82_m_1216_et._1932118523;6600000;2
"2; 72 ; 17";https://www.avito.ru/kazan/kvartiry/2-k_kvartira_72_m_1724_et._1915547907;5600000;2 
"1; 43 ; 1";https://www.avito.ru/kazan/kvartiry/1-k_kvartira_43_m_13_et._1936560873;2650000;2
"2; 51 ; 8";https://www.avito.ru/kazan/kvartiry/2-k_kvartira_51_m_816_et._1896366140;7550000;3 
"2; 63 ; 5";https://www.avito.ru/kazan/kvartiry/2-k_kvartira_63_m_517_et._1862098165;3400000;1
"1; 44 ; 7";https://www.avito.ru/kazan/kvartiry/1-k_kvartira_44_m_718_et._1896648850;5690000;3 
"2; 48 ; 1";https://www.avito.ru/kazan/kvartiry/2-k_kvartira_48_m_12_et._271742957;2200000;3 
"1; 45 ; 9";https://www.avito.ru/kazan/kvartiry/1-k_kvartira_45_m_918_et._1908809114;3780000;2 
"2; 70.8 ; 2";https://www.avito.ru/kazan/kvartiry/2-k_kvartira_70.8_m_219_et._1845034591;5800000;3 
"1; 45.4 ; 3";https://www.avito.ru/kazan/kvartiry/1-k_kvartira_45.4_m_310_et._1887688108;3700000;2 
"4; 140 ; 6";https://www.avito.ru/kazan/kvartiry/4-k_kvartira_140_m_67_et._1877605489;25000000;3
"1; 30.7 ; 1";https://www.avito.ru/kazan/kvartiry/1-k_kvartira_30.7_m_15_et._1889743394;2650000;1
"1; 33 ; 1";https://www.avito.ru/kazan/kvartiry/1-k_kvartira_33_m_15_et._1935458806;2600000;1 
"2; 55 ; 3";https://www.avito.ru/kazan/kvartiry/2-k_kvartira_55_m_319_et._1946068271;4100000;2
"2; 74 ; 2";https://www.avito.ru/kazan/kvartiry/2-k_kvartira_74_m_24_et._1940931605;9999999;3
"3; 115 ; 16";https://www.avito.ru/kazan/kvartiry/3-k_kvartira_115_m_1623_et._1912859812;9990000;3
"2; 57 ; 17";https://www.avito.ru/kazan/kvartiry/2-k_kvartira_57_m_1719_et._1880792927;3540000;1
"1; 36 ; 7";https://www.avito.ru/kazan/kvartiry/1-k_kvartira_36_m_719_et._1940278571;2016000;1
"0.5; 32 ; 14";https://www.avito.ru/kazan/kvartiry/studiya_32_m_1419_et._1935245483;2550000;2
"1; 50.2 ; 8";https://www.avito.ru/kazan/kvartiry/1-k_kvartira_50.2_m_810_et._1927167965;4290000;2 
"1; 37 ; 8";https://www.avito.ru/kazan/kvartiry/1-k_kvartira_37_m_89_et._1895837618;4070000;2
"2; 52.3 ; 5";https://www.avito.ru/kazan/kvartiry/2-k_kvartira_52.3_m_519_et._1946879237;2937311;2
"0.5; 26 ; 16";https://www.avito.ru/kazan/kvartiry/studiya_26_m_1617_et._1896970907;2650000;2
"2; 46 ; 8";https://www.avito.ru/kazan/kvartiry/2-k_kvartira_46_m_812_et._1927366325;3500000;1 
"1; 52 ; 5";https://www.avito.ru/kazan/kvartiry/1-k_kvartira_52_m_515_et._1927549860;4450000;2
"1; 18 ; 3";https://www.avito.ru/kazan/kvartiry/1-k_kvartira_18_m_35_et._1899915843;1950000;1 
"2; 53 ; 3";https://www.avito.ru/kazan/kvartiry/2-k_kvartira_53_m_318_et._1924884698;6990000;3
"1; 31 ; 2";https://www.avito.ru/kazan/kvartiry/1-k_kvartira_31_m_23_et._1917838008;2170000;2
"1; 35.9 ; 6";https://www.avito.ru/kazan/kvartiry/1-k_kvartira_35.9_m_610_et._1914643203;3350000;3 
"1; 36.3 ; 21";https://www.avito.ru/kazan/kvartiry/1-k_kvartira_36.3_m_2125_et._1897569774;3200000;2
"3; 72 ; 17";https://www.avito.ru/kazan/kvartiry/3-k_kvartira_72_m_1719_et._1914895555;4249999;2
"1; 41.1 ; 7";https://www.avito.ru/kazan/kvartiry/1-k_kvartira_41.1_m_79_et._1923616893;3290000;2
"1; 25 ; 3";https://www.avito.ru/kazan/kvartiry/1-k_kvartira_25_m_39_et._1928047865;2200000;1 
"3; 63.5 ; 1";https://www.avito.ru/kazan/kvartiry/3-k_kvartira_63.5_m_19_et._1919702824;3500000;2
"3; 72 ; 8";https://www.avito.ru/kazan/kvartiry/3-k_kvartira_72_m_819_et._1946298545;3613065;2
"1; 40 ; 11";https://www.avito.ru/kazan/kvartiry/1-k_kvartira_40_m_1119_et._1838025408;3890000;3
"2; 49.6 ; 1";https://www.avito.ru/kazan/kvartiry/2-k_kvartira_49.6_m_119_et._1775035753;4600000;3 
"1; 55.8 ; 3";https://www.avito.ru/kazan/kvartiry/1-k_kvartira_55.8_m_317_et._1921797337;5600000;3 
"2; 54 ; 7";https://www.avito.ru/kazan/kvartiry/2-k_kvartira_54_m_725_et._1897070106;4000000;2
"1; 30 ; 3";https://www.avito.ru/kazan/kvartiry/1-k_kvartira_30_m_35_et._1918318705;2550000;1
"3; 113 ; 2";https://www.avito.ru/kazan/kvartiry/3-k_kvartira_113_m_27_et._1944933991;9300000;3
"1; 41.5 ; 3";https://www.avito.ru/kazan/kvartiry/1-k_kvartira_41.5_m_319_et._1889456303;3450000;2
"2; 48.5 ; 1";https://www.avito.ru/kazan/kvartiry/2-k_kvartira_48.5_m_15_et._1923139824;2900000;1 
"3; 106 ; 3";https://www.avito.ru/kazan/kvartiry/3-k_kvartira_106_m_34_et._1943023643;8900000;3
"3; 63.6 ; 1";https://www.avito.ru/kazan/kvartiry/3-k_kvartira_63.6_m_19_et._1892917956;4000000;2 
"2; 48.8 ; 9";https://www.avito.ru/kazan/kvartiry/2-k_kvartira_48.8_m_99_et._1892512500;4100000;2 
"1; 28.6 ; 8";https://www.avito.ru/kazan/kvartiry/1-k_kvartira_28.6_m_817_et._1866589479;2550000;2
"3; 115 ; 2";https://www.avito.ru/kazan/kvartiry/3-k_kvartira_115_m_25_et._1939926182;8600000;2
"2; 76.2 ; 2";https://www.avito.ru/kazan/kvartiry/2-k_kvartira_76.2_m_214_et._1935717736;5600000;2
"3; 70.2 ; 8";https://www.avito.ru/kazan/kvartiry/3-k_kvartira_70.2_m_819_et._1940787898;4379232;2
"2; 60 ; 2";https://www.avito.ru/kazan/kvartiry/2-k_kvartira_60_m_26_et._1796475865;8488000;3 
"1; 35 ; 5";https://www.avito.ru/kazan/kvartiry/1-k_kvartira_35_m_59_et._1946463466;2799000;1 
"1; 36 ; 4";https://www.avito.ru/kazan/kvartiry/1-k_kvartira_36_m_410_et._1905738664;4100000;2
"1; 34 ; 5";https://www.avito.ru/kazan/kvartiry/1-k_kvartira_34_m_55_et._1921806846;2100000;1
"3; 66 ; 1";https://www.avito.ru/kazan/kvartiry/3-k_kvartira_66_m_110_et._1935545264;4650000;3
"1; 41 ; 12";https://www.avito.ru/kazan/kvartiry/1-k_kvartira_41_m_1214_et._1900404938;3250000;3
"2; 53.7 ; 8";https://www.avito.ru/kazan/kvartiry/2-k_kvartira_53.7_m_810_et._1894968477;3840000;2
"2; 53 ; 2";https://www.avito.ru/kazan/kvartiry/2-k_kvartira_53_m_225_et._1940901349;4287000;2 
"1; 51.4 ; 9";https://www.avito.ru/kazan/kvartiry/1-k_kvartira_51.4_m_99_et._1848008030;4250000;2
"3; 69 ; 1";https://www.avito.ru/kazan/kvartiry/3-k_kvartira_69_m_110_et._1872597144;4390000;2 
"1; 36 ; 20";https://www.avito.ru/kazan/kvartiry/1-k_kvartira_36_m_2022_et._1920284765;3962141;2
"0.5; 29 ; 22";https://www.avito.ru/kazan/kvartiry/studiya_29_m_2223_et._1839238177;2750000;2
"3; 100.5 ; 14";https://www.avito.ru/kazan/kvartiry/3-k_kvartira_100.5_m_1419_et._1919182263;8800000;3 
"2; 52 ; 8";https://www.avito.ru/kazan/kvartiry/2-k_kvartira_52_m_816_et._1920445752;7550000;3 
"1; 35.6 ; 1";https://www.avito.ru/kazan/kvartiry/1-k_kvartira_35.6_m_17_et._1555604121;2853827;1
"3; 84 ; 6";https://www.avito.ru/kazan/kvartiry/3-k_kvartira_84_m_610_et._741996;7450000;2 
"3; 67 ; 5";https://www.avito.ru/kazan/kvartiry/3-k_kvartira_67_m_514_et._1924920800;5299000;3 
"2; 25 ; 5";https://www.avito.ru/kazan/kvartiry/2-k_kvartira_25_m_55_et._1922482580;1500000;1
"3; 65.8 ; 9";https://www.avito.ru/kazan/kvartiry/3-k_kvartira_65.8_m_99_et._1943979349;4790000;3
"0.5; 20 ; 5";https://www.avito.ru/kazan/kvartiry/studiya_20_m_55_et._1920534341;1750000;1 
"2; 51.2 ; 12";https://www.avito.ru/kazan/kvartiry/2-k_kvartira_51.2_m_1225_et._1920266268;3133440;1
"1; 32 ; 8";https://www.avito.ru/kazan/kvartiry/1-k_kvartira_32_m_819_et._1940706923;2400000;2
"1; 34.2 ; 13";https://www.avito.ru/kazan/kvartiry/1-k_kvartira_34.2_m_1314_et._1937858252;2650000;2
"2; 62 ; 7";https://www.avito.ru/kazan/kvartiry/2-k_kvartira_62_m_724_et._1465931997;4600000;2 
"2; 46 ; 2";https://www.avito.ru/kazan/kvartiry/2-k_kvartira_46_m_22_et._1784743016;2400000;2
"1; 34 ; 10";https://www.avito.ru/kazan/kvartiry/1-k_kvartira_34_m_1010_et._1940712345;3070000;2
"3; 55.2 ; 9";https://www.avito.ru/kazan/kvartiry/3-k_kvartira_55.2_m_99_et._1866200584;4300000;2 
"1; 36.4 ; 2";https://www.avito.ru/kazan/kvartiry/1-k_kvartira_36.4_m_24_et._1897432454;3350000;3
"2; 40 ; 7";https://www.avito.ru/kazan/kvartiry/2-k_kvartira_40_m_79_et._1802883931;3399000;3
"3; 59.8 ; 1";https://www.avito.ru/kazan/kvartiry/3-k_kvartira_59.8_m_15_et._1821224972;3450000;1
"4; 123 ; 5";https://www.avito.ru/kazan/kvartiry/4-k_kvartira_123_m_56_et._1863399216;10700000;3
"1; 41.3 ; 7";https://www.avito.ru/kazan/kvartiry/1-k_kvartira_41.3_m_717_et._1887449769;3800000;2 
"1; 37 ; 9";https://www.avito.ru/kazan/kvartiry/1-k_kvartira_37_m_910_et._1922015744;3370000;2
"4; 96 ; 6";https://www.avito.ru/kazan/kvartiry/4-k_kvartira_96_m_69_et._1930018130;7400000;2 
"1; 43.5 ; 2";https://www.avito.ru/kazan/kvartiry/1-k_kvartira_43.5_m_216_et._1802584690;4399000;2 
"1; 46.8 ; 12";https://www.avito.ru/kazan/kvartiry/1-k_kvartira_46.8_m_1224_et._1930218494;3680000;2 
"2; 77.7 ; 6";https://www.avito.ru/kazan/kvartiry/2-k_kvartira_77.7_m_618_et._1930742616;6100000;3
"2; 84 ; 9";https://www.avito.ru/kazan/kvartiry/2-k_kvartira_84_m_910_et._1922031508;8065500;3
"1; 40.3 ; 5";https://www.avito.ru/kazan/kvartiry/1-k_kvartira_40.3_m_512_et._1937450066;3773000;2
"1; 56 ; 4";https://www.avito.ru/kazan/kvartiry/1-k_kvartira_56_m_419_et._1939314979;5200000;3 
"3; 75.3 ; 19";https://www.avito.ru/kazan/kvartiry/3-k_kvartira_75.3_m_1919_et._1920421215;6402780;2
"2; 40 ; 14";https://www.avito.ru/kazan/kvartiry/2-k_kvartira_40_m_1416_et._1894025920;4570000;2 
"1; 35 ; 16";https://www.avito.ru/kazan/kvartiry/1-k_kvartira_35_m_1617_et._1914351491;3650000;3 
"3; 89 ; 12";https://www.avito.ru/kazan/kvartiry/3-k_kvartira_89_m_1224_et._1662584672;6279000;2 
"2; 44.5 ; 4";https://www.avito.ru/kazan/kvartiry/2-k_kvartira_44.5_m_49_et._1864306284;3130000;2 
"2; 56 ; 10";https://www.avito.ru/kazan/kvartiry/2-k_kvartira_56_m_1011_et._1795446149;2960000;1
"1; 51.2 ; 2";https://www.avito.ru/kazan/kvartiry/1-k_kvartira_51.2_m_23_et._1766611414;2250000;2
"4; 90 ; 4";https://www.avito.ru/kazan/kvartiry/4-k_kvartira_90_m_410_et._1766809869;6100000;3 
"2; 78.5 ; 10";https://www.avito.ru/kazan/kvartiry/2-k_kvartira_78.5_m_1010_et._1825843632;7300000;2 
"3; 70 ; 6";https://www.avito.ru/kazan/kvartiry/3-k_kvartira_70_m_610_et._1840969785;6599000;3 
"2; 57.6 ; 15";https://www.avito.ru/kazan/kvartiry/2-k_kvartira_57.6_m_1519_et._1940889528;3208300;2 
"1; 31.8 ; 1";https://www.avito.ru/kazan/kvartiry/1-k_kvartira_31.8_m_15_et._1895885527;1818064;2
"1; 42 ; 7";https://www.avito.ru/kazan/kvartiry/1-k_kvartira_42_m_718_et._1836093608;3470000;2
"2; 38 ; 2";https://www.avito.ru/kazan/kvartiry/2-k_kvartira_38_m_25_et._1925395654;3050000;3 
"1; 29 ; 8";https://www.avito.ru/kazan/kvartiry/1-k_kvartira_29_m_810_et._1935012629;3100000;2
"2; 86 ; 5";https://www.avito.ru/kazan/kvartiry/2-k_kvartira_86_m_514_et._1831765415;7190000;3 
"1; 32 ; 1";https://www.avito.ru/kazan/kvartiry/1-k_kvartira_32_m_15_et._1900085863;2520000;3 
"2; 49 ; 2";https://www.avito.ru/kazan/kvartiry/2-k_kvartira_49_m_23_et._1817345259;2350000;2
"3; 103 ; 8";https://www.avito.ru/kazan/kvartiry/3-k_kvartira_103_m_819_et._1890568193;11500000;3 
"2; 65.5 ; 4";https://www.avito.ru/kazan/kvartiry/2-k_kvartira_65.5_m_410_et._1792235327;4100000;3
"3; 93.6 ; 5";https://www.avito.ru/kazan/kvartiry/3-k_kvartira_93.6_m_59_et._1923350692;10500000;3 
"1; 30 ; 8";https://www.avito.ru/kazan/kvartiry/1-k_kvartira_30_m_819_et._1919500799;3590000;2
"1; 37 ; 13";https://www.avito.ru/kazan/kvartiry/1-k_kvartira_37_m_1325_et._1833882558;3390000;2
"1; 40 ; 7";https://www.avito.ru/kazan/kvartiry/1-k_kvartira_40_m_79_et._1926295640;3600000;2 
"1; 35 ; 6";https://www.avito.ru/kazan/kvartiry/1-k_kvartira_35_m_626_et._1942443681;3860000;3
